,P-Value,Classifier
0,0.011718685599768628,J48
1,0.921875,KNN
2,0.39802471950693785,NB
