,P-Value,Classifier
0,0.6784023758521882,J48
1,0.49896229860376107,KNN
2,0.9527650219907529,NB
