,P-Value,Classifier
0,0.013671875,J48
1,0.625,KNN
2,0.275390625,NB
