,P-Value,Classifier
0,0.10880943004054568,J48
1,0.1386406338132186,KNN
2,0.7150006546880893,NB
